project_id,building_type,region,currency,floor_area_m2,budget,actual_cost,base_index,location_index,cost_scope,source_type,source_ref,price_date,index_type,index_series,index_base_year
SYN-0001,housing,reference,GBP,21152,24631279.4,24114282.51,97,100,building,synthetic,scenario-generator-v1-seed-42,2020-01-01,synthetic,scenario_reference,reference_100
SYN-0002,office,reference,GBP,7514,15772224.69,17721858.02,98,100,building,synthetic,scenario-generator-v1-seed-42,2021-02-01,synthetic,scenario_reference,reference_100
SYN-0003,school,reference,GBP,18070,31738557.45,28293075.66,95,100,building,synthetic,scenario-generator-v1-seed-42,2022-03-01,synthetic,scenario_reference,reference_100
SYN-0004,warehouse,reference,GBP,3270,3097972.55,3397629.34,103,100,building,synthetic,scenario-generator-v1-seed-42,2023-04-01,synthetic,scenario_reference,reference_100
SYN-0005,healthcare,reference,GBP,18590,52495654.14,59450120.41,102,100,building,synthetic,scenario-generator-v1-seed-42,2024-05-01,synthetic,scenario_reference,reference_100
SYN-0006,housing,metro,GBP,13946,22995373.75,22538884.65,104,115,building,synthetic,scenario-generator-v1-seed-42,2025-06-01,synthetic,scenario_reference,reference_100
SYN-0007,office,metro,GBP,412,1427662.85,1615158.07,138,115,building,synthetic,scenario-generator-v1-seed-42,2026-07-01,synthetic,scenario_reference,reference_100
SYN-0008,school,metro,GBP,11349,22538846.88,27600997.65,107,115,building,synthetic,scenario-generator-v1-seed-42,2020-08-01,synthetic,scenario_reference,reference_100
SYN-0009,warehouse,metro,GBP,11229,10882219.55,9955249.19,96,115,building,synthetic,scenario-generator-v1-seed-42,2021-09-01,synthetic,scenario_reference,reference_100
SYN-0010,healthcare,metro,GBP,11470,40796866.24,36539393.38,128,115,building,synthetic,scenario-generator-v1-seed-42,2022-10-01,synthetic,scenario_reference,reference_100
SYN-0011,housing,regional,GBP,15254,21620420.25,26204518.69,124,92,building,synthetic,scenario-generator-v1-seed-42,2023-11-01,synthetic,scenario_reference,reference_100
SYN-0012,office,regional,GBP,2782,6001589.17,6639620.08,125,92,building,synthetic,scenario-generator-v1-seed-42,2024-12-01,synthetic,scenario_reference,reference_100
SYN-0013,school,regional,GBP,12050,22822007.18,20654826.04,126,92,building,synthetic,scenario-generator-v1-seed-42,2025-01-01,synthetic,scenario_reference,reference_100
SYN-0014,warehouse,regional,GBP,21868,22637349.84,27949877.38,104,92,building,synthetic,scenario-generator-v1-seed-42,2026-02-01,synthetic,scenario_reference,reference_100
SYN-0015,healthcare,regional,GBP,7828,23900715.81,23424386.43,145,92,building,synthetic,scenario-generator-v1-seed-42,2020-03-01,synthetic,scenario_reference,reference_100
SYN-0016,housing,remote,GBP,21030,43626391.44,44205101.99,143,108,building,synthetic,scenario-generator-v1-seed-42,2021-04-01,synthetic,scenario_reference,reference_100
SYN-0017,office,remote,GBP,7065,18735547.39,22804826.81,132,108,building,synthetic,scenario-generator-v1-seed-42,2022-05-01,synthetic,scenario_reference,reference_100
SYN-0018,school,remote,GBP,21434,40449955.23,38088078.84,94,108,building,synthetic,scenario-generator-v1-seed-42,2023-06-01,synthetic,scenario_reference,reference_100
SYN-0019,warehouse,remote,GBP,24092,24561541.72,24969360.55,105,108,building,synthetic,scenario-generator-v1-seed-42,2024-07-01,synthetic,scenario_reference,reference_100
SYN-0020,healthcare,remote,GBP,21171,81021539.41,91267614.87,134,108,building,synthetic,scenario-generator-v1-seed-42,2025-08-01,synthetic,scenario_reference,reference_100
SYN-0021,housing,reference,GBP,2032,3244216.77,3795138.27,104,100,building,synthetic,scenario-generator-v1-seed-42,2026-09-01,synthetic,scenario_reference,reference_100
SYN-0022,office,reference,GBP,13345,24841625.21,30026792.92,107,100,building,synthetic,scenario-generator-v1-seed-42,2020-10-01,synthetic,scenario_reference,reference_100
SYN-0023,school,reference,GBP,18785,43109699.79,48108610.89,135,100,building,synthetic,scenario-generator-v1-seed-42,2021-11-01,synthetic,scenario_reference,reference_100
SYN-0024,warehouse,reference,GBP,13164,17031962.03,16612241.0,131,100,building,synthetic,scenario-generator-v1-seed-42,2022-12-01,synthetic,scenario_reference,reference_100
SYN-0025,healthcare,reference,GBP,8281,30039973.32,29276566.85,137,100,building,synthetic,scenario-generator-v1-seed-42,2023-01-01,synthetic,scenario_reference,reference_100
SYN-0026,housing,metro,GBP,19355,40810282.47,41780921.65,117,115,building,synthetic,scenario-generator-v1-seed-42,2024-02-01,synthetic,scenario_reference,reference_100
SYN-0027,office,metro,GBP,7386,16695622.25,15238551.69,98,115,building,synthetic,scenario-generator-v1-seed-42,2025-03-01,synthetic,scenario_reference,reference_100
SYN-0028,school,metro,GBP,1743,4618964.92,5108023.58,145,115,building,synthetic,scenario-generator-v1-seed-42,2026-04-01,synthetic,scenario_reference,reference_100
SYN-0029,warehouse,metro,GBP,22498,31146580.04,31723297.35,117,115,building,synthetic,scenario-generator-v1-seed-42,2020-05-01,synthetic,scenario_reference,reference_100
SYN-0030,healthcare,metro,GBP,19726,70800115.87,87054988.16,119,115,building,synthetic,scenario-generator-v1-seed-42,2021-06-01,synthetic,scenario_reference,reference_100
SYN-0031,housing,regional,GBP,576,1052047.64,1183990.97,133,92,building,synthetic,scenario-generator-v1-seed-42,2022-07-01,synthetic,scenario_reference,reference_100
SYN-0032,office,regional,GBP,17795,42024258.39,46678287.31,138,92,building,synthetic,scenario-generator-v1-seed-42,2023-08-01,synthetic,scenario_reference,reference_100
SYN-0033,school,regional,GBP,3855,6759660.34,7052627.63,108,92,building,synthetic,scenario-generator-v1-seed-42,2024-09-01,synthetic,scenario_reference,reference_100
SYN-0034,warehouse,regional,GBP,23861,27735685.52,29405678.9,136,92,building,synthetic,scenario-generator-v1-seed-42,2025-10-01,synthetic,scenario_reference,reference_100
SYN-0035,healthcare,regional,GBP,6054,19853996.86,23693495.5,122,92,building,synthetic,scenario-generator-v1-seed-42,2026-11-01,synthetic,scenario_reference,reference_100
SYN-0036,housing,remote,GBP,9979,22475595.04,24705832.07,143,108,building,synthetic,scenario-generator-v1-seed-42,2020-12-01,synthetic,scenario_reference,reference_100
SYN-0037,office,remote,GBP,5208,13712772.89,14729937.71,113,108,building,synthetic,scenario-generator-v1-seed-42,2021-01-01,synthetic,scenario_reference,reference_100
SYN-0038,school,remote,GBP,17578,31667365.24,33437509.36,90,108,building,synthetic,scenario-generator-v1-seed-42,2022-02-01,synthetic,scenario_reference,reference_100
SYN-0039,warehouse,remote,GBP,3865,5252757.83,6195100.43,113,108,building,synthetic,scenario-generator-v1-seed-42,2023-03-01,synthetic,scenario_reference,reference_100
SYN-0040,healthcare,remote,GBP,10276,26279595.45,31432589.34,105,108,building,synthetic,scenario-generator-v1-seed-42,2024-04-01,synthetic,scenario_reference,reference_100
SYN-0041,housing,reference,GBP,2780,3954636.54,4641827.29,95,100,building,synthetic,scenario-generator-v1-seed-42,2025-05-01,synthetic,scenario_reference,reference_100
SYN-0042,office,reference,GBP,17655,43570496.73,48690478.71,139,100,building,synthetic,scenario-generator-v1-seed-42,2026-06-01,synthetic,scenario_reference,reference_100
SYN-0043,school,reference,GBP,18215,30476073.51,36390744.75,100,100,building,synthetic,scenario-generator-v1-seed-42,2020-07-01,synthetic,scenario_reference,reference_100
SYN-0044,warehouse,reference,GBP,14065,16351044.5,18834694.1,103,100,building,synthetic,scenario-generator-v1-seed-42,2021-08-01,synthetic,scenario_reference,reference_100
SYN-0045,healthcare,reference,GBP,22805,64342533.33,65863412.46,102,100,building,synthetic,scenario-generator-v1-seed-42,2022-09-01,synthetic,scenario_reference,reference_100
SYN-0046,housing,metro,GBP,22209,45062268.76,54248711.11,131,115,building,synthetic,scenario-generator-v1-seed-42,2023-10-01,synthetic,scenario_reference,reference_100
SYN-0047,office,metro,GBP,14994,30921724.77,27923842.61,97,115,building,synthetic,scenario-generator-v1-seed-42,2024-11-01,synthetic,scenario_reference,reference_100
SYN-0048,school,metro,GBP,889,2374897.97,2593004.9,127,115,building,synthetic,scenario-generator-v1-seed-42,2025-12-01,synthetic,scenario_reference,reference_100
SYN-0049,warehouse,metro,GBP,435,499555.23,450196.45,94,115,building,synthetic,scenario-generator-v1-seed-42,2026-01-01,synthetic,scenario_reference,reference_100
SYN-0050,healthcare,metro,GBP,2408,7338585.93,6645153.01,92,115,building,synthetic,scenario-generator-v1-seed-42,2020-02-01,synthetic,scenario_reference,reference_100
SYN-0051,housing,regional,GBP,7998,11581292.15,11084747.15,107,92,building,synthetic,scenario-generator-v1-seed-42,2021-03-01,synthetic,scenario_reference,reference_100
SYN-0052,office,regional,GBP,4535,12831098.85,13929126.72,136,92,building,synthetic,scenario-generator-v1-seed-42,2022-04-01,synthetic,scenario_reference,reference_100
SYN-0053,school,regional,GBP,15688,29607474.13,34661437.96,105,92,building,synthetic,scenario-generator-v1-seed-42,2023-05-01,synthetic,scenario_reference,reference_100
SYN-0054,warehouse,regional,GBP,6439,4999257.56,5175123.57,96,92,building,synthetic,scenario-generator-v1-seed-42,2024-06-01,synthetic,scenario_reference,reference_100
SYN-0055,healthcare,regional,GBP,14079,38678825.68,44189293.77,116,92,building,synthetic,scenario-generator-v1-seed-42,2025-07-01,synthetic,scenario_reference,reference_100
SYN-0056,housing,remote,GBP,22264,50504074.28,46232966.62,131,108,building,synthetic,scenario-generator-v1-seed-42,2026-08-01,synthetic,scenario_reference,reference_100
SYN-0057,office,remote,GBP,13393,37446568.18,44568984.58,136,108,building,synthetic,scenario-generator-v1-seed-42,2020-09-01,synthetic,scenario_reference,reference_100
SYN-0058,school,remote,GBP,8347,15012884.42,15635932.29,102,108,building,synthetic,scenario-generator-v1-seed-42,2021-10-01,synthetic,scenario_reference,reference_100
SYN-0059,warehouse,remote,GBP,14024,14281075.53,13851648.18,101,108,building,synthetic,scenario-generator-v1-seed-42,2022-11-01,synthetic,scenario_reference,reference_100
SYN-0060,healthcare,remote,GBP,2670,9664395.99,11482733.55,118,108,building,synthetic,scenario-generator-v1-seed-42,2023-12-01,synthetic,scenario_reference,reference_100
SYN-0061,housing,reference,GBP,3408,4639745.93,4985925.07,93,100,building,synthetic,scenario-generator-v1-seed-42,2024-01-01,synthetic,scenario_reference,reference_100
SYN-0062,office,reference,GBP,683,1463688.93,1735247.82,95,100,building,synthetic,scenario-generator-v1-seed-42,2025-02-01,synthetic,scenario_reference,reference_100
SYN-0063,school,reference,GBP,5649,11744302.64,11238698.99,116,100,building,synthetic,scenario-generator-v1-seed-42,2026-03-01,synthetic,scenario_reference,reference_100
SYN-0064,warehouse,reference,GBP,13341,11158862.75,9828457.79,93,100,building,synthetic,scenario-generator-v1-seed-42,2020-04-01,synthetic,scenario_reference,reference_100
SYN-0065,healthcare,reference,GBP,12993,40390626.35,46960023.12,106,100,building,synthetic,scenario-generator-v1-seed-42,2021-05-01,synthetic,scenario_reference,reference_100
SYN-0066,housing,metro,GBP,9547,19044315.74,21767308.46,117,115,building,synthetic,scenario-generator-v1-seed-42,2022-06-01,synthetic,scenario_reference,reference_100
SYN-0067,office,metro,GBP,18411,59558227.32,55730232.86,132,115,building,synthetic,scenario-generator-v1-seed-42,2023-07-01,synthetic,scenario_reference,reference_100
SYN-0068,school,metro,GBP,9922,24129317.47,26264880.41,103,115,building,synthetic,scenario-generator-v1-seed-42,2024-08-01,synthetic,scenario_reference,reference_100
SYN-0069,warehouse,metro,GBP,17966,20644065.11,18591621.8,93,115,building,synthetic,scenario-generator-v1-seed-42,2025-09-01,synthetic,scenario_reference,reference_100
SYN-0070,healthcare,metro,GBP,19342,69458440.2,82445721.08,120,115,building,synthetic,scenario-generator-v1-seed-42,2026-10-01,synthetic,scenario_reference,reference_100
SYN-0071,housing,regional,GBP,5358,7305214.11,6639271.72,93,92,building,synthetic,scenario-generator-v1-seed-42,2020-11-01,synthetic,scenario_reference,reference_100
SYN-0072,office,regional,GBP,6289,11187576.41,12564504.37,94,92,building,synthetic,scenario-generator-v1-seed-42,2021-12-01,synthetic,scenario_reference,reference_100
SYN-0073,school,regional,GBP,7907,13340956.24,16015863.77,115,92,building,synthetic,scenario-generator-v1-seed-42,2022-01-01,synthetic,scenario_reference,reference_100
SYN-0074,warehouse,regional,GBP,8267,9933055.57,10955935.25,127,92,building,synthetic,scenario-generator-v1-seed-42,2023-02-01,synthetic,scenario_reference,reference_100
SYN-0075,healthcare,regional,GBP,13937,45109847.06,48186418.82,132,92,building,synthetic,scenario-generator-v1-seed-42,2024-03-01,synthetic,scenario_reference,reference_100
SYN-0076,housing,remote,GBP,8744,14310931.72,14212274.88,103,108,building,synthetic,scenario-generator-v1-seed-42,2025-04-01,synthetic,scenario_reference,reference_100
SYN-0077,office,remote,GBP,8903,19666108.2,21876191.02,115,108,building,synthetic,scenario-generator-v1-seed-42,2026-05-01,synthetic,scenario_reference,reference_100
SYN-0078,school,remote,GBP,15182,36643637.14,44590335.45,110,108,building,synthetic,scenario-generator-v1-seed-42,2020-06-01,synthetic,scenario_reference,reference_100
SYN-0079,warehouse,remote,GBP,505,672616.65,728227.06,119,108,building,synthetic,scenario-generator-v1-seed-42,2021-07-01,synthetic,scenario_reference,reference_100
SYN-0080,healthcare,remote,GBP,3476,9278559.9,9854930.03,94,108,building,synthetic,scenario-generator-v1-seed-42,2022-08-01,synthetic,scenario_reference,reference_100
SYN-0081,housing,reference,GBP,4540,7932099.62,9491052.96,112,100,building,synthetic,scenario-generator-v1-seed-42,2023-09-01,synthetic,scenario_reference,reference_100
SYN-0082,office,reference,GBP,12308,23855611.11,28153156.12,108,100,building,synthetic,scenario-generator-v1-seed-42,2024-10-01,synthetic,scenario_reference,reference_100
SYN-0083,school,reference,GBP,23253,47150887.84,58250390.86,109,100,building,synthetic,scenario-generator-v1-seed-42,2025-11-01,synthetic,scenario_reference,reference_100
SYN-0084,warehouse,reference,GBP,21629,22675556.51,26624674.49,123,100,building,synthetic,scenario-generator-v1-seed-42,2026-12-01,synthetic,scenario_reference,reference_100
SYN-0085,healthcare,reference,GBP,10010,30268765.15,36205248.13,132,100,building,synthetic,scenario-generator-v1-seed-42,2020-01-01,synthetic,scenario_reference,reference_100
SYN-0086,housing,metro,GBP,8866,15464824.61,17742329.43,97,115,building,synthetic,scenario-generator-v1-seed-42,2021-02-01,synthetic,scenario_reference,reference_100
SYN-0087,office,metro,GBP,5293,12173215.38,11635483.99,107,115,building,synthetic,scenario-generator-v1-seed-42,2022-03-01,synthetic,scenario_reference,reference_100
SYN-0088,school,metro,GBP,11435,25751949.2,30568815.59,103,115,building,synthetic,scenario-generator-v1-seed-42,2023-04-01,synthetic,scenario_reference,reference_100
SYN-0089,warehouse,metro,GBP,16761,21581556.9,26047585.08,121,115,building,synthetic,scenario-generator-v1-seed-42,2024-05-01,synthetic,scenario_reference,reference_100
SYN-0090,healthcare,metro,GBP,1864,5507990.44,6491526.47,95,115,building,synthetic,scenario-generator-v1-seed-42,2025-06-01,synthetic,scenario_reference,reference_100
SYN-0091,housing,regional,GBP,1644,1810566.17,1678566.98,90,92,building,synthetic,scenario-generator-v1-seed-42,2026-07-01,synthetic,scenario_reference,reference_100
SYN-0092,office,regional,GBP,8783,17330259.55,18692503.76,100,92,building,synthetic,scenario-generator-v1-seed-42,2020-08-01,synthetic,scenario_reference,reference_100
SYN-0093,school,regional,GBP,14214,25094886.41,22763265.04,125,92,building,synthetic,scenario-generator-v1-seed-42,2021-09-01,synthetic,scenario_reference,reference_100
SYN-0094,warehouse,regional,GBP,22843,21089961.72,24895734.04,99,92,building,synthetic,scenario-generator-v1-seed-42,2022-10-01,synthetic,scenario_reference,reference_100
SYN-0095,healthcare,regional,GBP,19287,51579998.0,47756908.51,125,92,building,synthetic,scenario-generator-v1-seed-42,2023-11-01,synthetic,scenario_reference,reference_100
SYN-0096,housing,remote,GBP,10301,19706484.05,22989663.71,113,108,building,synthetic,scenario-generator-v1-seed-42,2024-12-01,synthetic,scenario_reference,reference_100
SYN-0097,office,remote,GBP,1507,3328639.22,3228216.53,112,108,building,synthetic,scenario-generator-v1-seed-42,2025-01-01,synthetic,scenario_reference,reference_100
SYN-0098,school,remote,GBP,3568,8421362.89,10091222.24,112,108,building,synthetic,scenario-generator-v1-seed-42,2026-02-01,synthetic,scenario_reference,reference_100
SYN-0099,warehouse,remote,GBP,13516,20239826.99,24556475.61,129,108,building,synthetic,scenario-generator-v1-seed-42,2020-03-01,synthetic,scenario_reference,reference_100
SYN-0100,healthcare,remote,GBP,7957,29117469.1,34008019.72,145,108,building,synthetic,scenario-generator-v1-seed-42,2021-04-01,synthetic,scenario_reference,reference_100
SYN-0101,housing,reference,GBP,6001,8356247.97,9569267.75,116,100,building,synthetic,scenario-generator-v1-seed-42,2022-05-01,synthetic,scenario_reference,reference_100
SYN-0102,office,reference,GBP,11085,35049499.04,40966017.46,140,100,building,synthetic,scenario-generator-v1-seed-42,2023-06-01,synthetic,scenario_reference,reference_100
SYN-0103,school,reference,GBP,24286,56981137.69,53409059.88,141,100,building,synthetic,scenario-generator-v1-seed-42,2024-07-01,synthetic,scenario_reference,reference_100
SYN-0104,warehouse,reference,GBP,23179,21467741.16,19190890.97,96,100,building,synthetic,scenario-generator-v1-seed-42,2025-08-01,synthetic,scenario_reference,reference_100
SYN-0105,healthcare,reference,GBP,15623,38437165.03,46533672.65,104,100,building,synthetic,scenario-generator-v1-seed-42,2026-09-01,synthetic,scenario_reference,reference_100
SYN-0106,housing,metro,GBP,11657,22424020.56,26767021.73,109,115,building,synthetic,scenario-generator-v1-seed-42,2020-10-01,synthetic,scenario_reference,reference_100
SYN-0107,office,metro,GBP,7504,16459910.21,16845858.11,91,115,building,synthetic,scenario-generator-v1-seed-42,2021-11-01,synthetic,scenario_reference,reference_100
SYN-0108,school,metro,GBP,9329,24383999.51,28246366.25,145,115,building,synthetic,scenario-generator-v1-seed-42,2022-12-01,synthetic,scenario_reference,reference_100
SYN-0109,warehouse,metro,GBP,11706,17684849.98,19888851.34,131,115,building,synthetic,scenario-generator-v1-seed-42,2023-01-01,synthetic,scenario_reference,reference_100
SYN-0110,healthcare,metro,GBP,17770,66748300.28,61510095.97,111,115,building,synthetic,scenario-generator-v1-seed-42,2024-02-01,synthetic,scenario_reference,reference_100
SYN-0111,housing,regional,GBP,8759,11669889.61,14401556.44,101,92,building,synthetic,scenario-generator-v1-seed-42,2025-03-01,synthetic,scenario_reference,reference_100
SYN-0112,office,regional,GBP,1453,2640936.53,2652681.73,96,92,building,synthetic,scenario-generator-v1-seed-42,2026-04-01,synthetic,scenario_reference,reference_100
SYN-0113,school,regional,GBP,10478,20948189.0,22291225.61,117,92,building,synthetic,scenario-generator-v1-seed-42,2020-05-01,synthetic,scenario_reference,reference_100
SYN-0114,warehouse,regional,GBP,12822,13481330.25,12078990.85,126,92,building,synthetic,scenario-generator-v1-seed-42,2021-06-01,synthetic,scenario_reference,reference_100
SYN-0115,healthcare,regional,GBP,14488,31376159.71,36720897.53,90,92,building,synthetic,scenario-generator-v1-seed-42,2022-07-01,synthetic,scenario_reference,reference_100
SYN-0116,housing,remote,GBP,22706,52857673.36,60539667.71,136,108,building,synthetic,scenario-generator-v1-seed-42,2023-08-01,synthetic,scenario_reference,reference_100
SYN-0117,office,remote,GBP,6656,15911122.79,19436945.1,113,108,building,synthetic,scenario-generator-v1-seed-42,2024-09-01,synthetic,scenario_reference,reference_100
SYN-0118,school,remote,GBP,11019,26090386.33,30924556.62,129,108,building,synthetic,scenario-generator-v1-seed-42,2025-10-01,synthetic,scenario_reference,reference_100
SYN-0119,warehouse,remote,GBP,23784,28058350.68,31427637.99,109,108,building,synthetic,scenario-generator-v1-seed-42,2026-11-01,synthetic,scenario_reference,reference_100
SYN-0120,healthcare,remote,GBP,10888,37239656.12,40203504.19,115,108,building,synthetic,scenario-generator-v1-seed-42,2020-12-01,synthetic,scenario_reference,reference_100
SYN-0121,housing,reference,GBP,6486,11054437.58,11236750.68,116,100,building,synthetic,scenario-generator-v1-seed-42,2021-01-01,synthetic,scenario_reference,reference_100
SYN-0122,office,reference,GBP,24714,51652310.39,51050145.42,101,100,building,synthetic,scenario-generator-v1-seed-42,2022-02-01,synthetic,scenario_reference,reference_100
SYN-0123,school,reference,GBP,18154,39724827.27,39060983.22,143,100,building,synthetic,scenario-generator-v1-seed-42,2023-03-01,synthetic,scenario_reference,reference_100
SYN-0124,warehouse,reference,GBP,14286,20480318.29,22849768.74,140,100,building,synthetic,scenario-generator-v1-seed-42,2024-04-01,synthetic,scenario_reference,reference_100
SYN-0125,healthcare,reference,GBP,15436,46535895.24,44531710.77,118,100,building,synthetic,scenario-generator-v1-seed-42,2025-05-01,synthetic,scenario_reference,reference_100
SYN-0126,housing,metro,GBP,15705,39659498.44,46265538.01,140,115,building,synthetic,scenario-generator-v1-seed-42,2026-06-01,synthetic,scenario_reference,reference_100
SYN-0127,office,metro,GBP,5760,15309111.02,16312818.03,132,115,building,synthetic,scenario-generator-v1-seed-42,2020-07-01,synthetic,scenario_reference,reference_100
SYN-0128,school,metro,GBP,20940,53151393.89,62433351.88,129,115,building,synthetic,scenario-generator-v1-seed-42,2021-08-01,synthetic,scenario_reference,reference_100
SYN-0129,warehouse,metro,GBP,24813,31514872.98,30281716.16,105,115,building,synthetic,scenario-generator-v1-seed-42,2022-09-01,synthetic,scenario_reference,reference_100
SYN-0130,healthcare,metro,GBP,6725,17066540.08,16522856.7,99,115,building,synthetic,scenario-generator-v1-seed-42,2023-10-01,synthetic,scenario_reference,reference_100
SYN-0131,housing,regional,GBP,15769,28949500.55,26234563.19,129,92,building,synthetic,scenario-generator-v1-seed-42,2024-11-01,synthetic,scenario_reference,reference_100
SYN-0132,office,regional,GBP,13780,33710033.81,38382397.19,130,92,building,synthetic,scenario-generator-v1-seed-42,2025-12-01,synthetic,scenario_reference,reference_100
SYN-0133,school,regional,GBP,12782,24841031.24,23179804.27,121,92,building,synthetic,scenario-generator-v1-seed-42,2026-01-01,synthetic,scenario_reference,reference_100
SYN-0134,warehouse,regional,GBP,22732,21039300.28,25031688.52,90,92,building,synthetic,scenario-generator-v1-seed-42,2020-02-01,synthetic,scenario_reference,reference_100
SYN-0135,healthcare,regional,GBP,3692,11999797.56,11319639.5,139,92,building,synthetic,scenario-generator-v1-seed-42,2021-03-01,synthetic,scenario_reference,reference_100
SYN-0136,housing,remote,GBP,23003,42325091.87,45739291.36,123,108,building,synthetic,scenario-generator-v1-seed-42,2022-04-01,synthetic,scenario_reference,reference_100
SYN-0137,office,remote,GBP,4176,9553270.04,10004868.07,119,108,building,synthetic,scenario-generator-v1-seed-42,2023-05-01,synthetic,scenario_reference,reference_100
SYN-0138,school,remote,GBP,17604,44002689.77,53771914.34,125,108,building,synthetic,scenario-generator-v1-seed-42,2024-06-01,synthetic,scenario_reference,reference_100
SYN-0139,warehouse,remote,GBP,14702,22418493.48,26927464.69,129,108,building,synthetic,scenario-generator-v1-seed-42,2025-07-01,synthetic,scenario_reference,reference_100
SYN-0140,healthcare,remote,GBP,14183,63902218.88,66492105.54,143,108,building,synthetic,scenario-generator-v1-seed-42,2026-08-01,synthetic,scenario_reference,reference_100
SYN-0141,housing,reference,GBP,5415,11512312.59,11996118.82,137,100,building,synthetic,scenario-generator-v1-seed-42,2020-09-01,synthetic,scenario_reference,reference_100
SYN-0142,office,reference,GBP,24834,57468697.62,56309673.93,105,100,building,synthetic,scenario-generator-v1-seed-42,2021-10-01,synthetic,scenario_reference,reference_100
SYN-0143,school,reference,GBP,17281,39069185.99,38243071.21,121,100,building,synthetic,scenario-generator-v1-seed-42,2022-11-01,synthetic,scenario_reference,reference_100
SYN-0144,warehouse,reference,GBP,2738,3458696.09,3381973.35,135,100,building,synthetic,scenario-generator-v1-seed-42,2023-12-01,synthetic,scenario_reference,reference_100
SYN-0145,healthcare,reference,GBP,10676,30088541.37,28111695.22,124,100,building,synthetic,scenario-generator-v1-seed-42,2024-01-01,synthetic,scenario_reference,reference_100
SYN-0146,housing,metro,GBP,12751,24643712.65,23584600.69,134,115,building,synthetic,scenario-generator-v1-seed-42,2025-02-01,synthetic,scenario_reference,reference_100
SYN-0147,office,metro,GBP,13794,34935201.2,36602754.4,116,115,building,synthetic,scenario-generator-v1-seed-42,2026-03-01,synthetic,scenario_reference,reference_100
SYN-0148,school,metro,GBP,2240,5252860.88,5359029.88,103,115,building,synthetic,scenario-generator-v1-seed-42,2020-04-01,synthetic,scenario_reference,reference_100
SYN-0149,warehouse,metro,GBP,19339,25505813.04,30531386.68,134,115,building,synthetic,scenario-generator-v1-seed-42,2021-05-01,synthetic,scenario_reference,reference_100
SYN-0150,healthcare,metro,GBP,19064,64532782.6,78690435.96,114,115,building,synthetic,scenario-generator-v1-seed-42,2022-06-01,synthetic,scenario_reference,reference_100
SYN-0151,housing,regional,GBP,9984,17160273.17,20609332.86,138,92,building,synthetic,scenario-generator-v1-seed-42,2023-07-01,synthetic,scenario_reference,reference_100
SYN-0152,office,regional,GBP,13930,34142701.98,36758293.51,124,92,building,synthetic,scenario-generator-v1-seed-42,2024-08-01,synthetic,scenario_reference,reference_100
SYN-0153,school,regional,GBP,19967,34266536.78,33521469.61,104,92,building,synthetic,scenario-generator-v1-seed-42,2025-09-01,synthetic,scenario_reference,reference_100
SYN-0154,warehouse,regional,GBP,16113,13040015.25,14615177.42,91,92,building,synthetic,scenario-generator-v1-seed-42,2026-10-01,synthetic,scenario_reference,reference_100
SYN-0155,healthcare,regional,GBP,13448,39351875.07,41251014.42,136,92,building,synthetic,scenario-generator-v1-seed-42,2020-11-01,synthetic,scenario_reference,reference_100
SYN-0156,housing,remote,GBP,4382,8634499.79,10417475.56,129,108,building,synthetic,scenario-generator-v1-seed-42,2021-12-01,synthetic,scenario_reference,reference_100
SYN-0157,office,remote,GBP,19595,55937572.98,50915558.45,126,108,building,synthetic,scenario-generator-v1-seed-42,2022-01-01,synthetic,scenario_reference,reference_100
SYN-0158,school,remote,GBP,14244,30123051.05,28479008.71,98,108,building,synthetic,scenario-generator-v1-seed-42,2023-02-01,synthetic,scenario_reference,reference_100
SYN-0159,warehouse,remote,GBP,8724,10184667.88,10629653.91,114,108,building,synthetic,scenario-generator-v1-seed-42,2024-03-01,synthetic,scenario_reference,reference_100
SYN-0160,healthcare,remote,GBP,11259,48598077.83,47634493.69,138,108,building,synthetic,scenario-generator-v1-seed-42,2025-04-01,synthetic,scenario_reference,reference_100
SYN-0161,housing,reference,GBP,14013,22884663.08,24013116.37,106,100,building,synthetic,scenario-generator-v1-seed-42,2026-05-01,synthetic,scenario_reference,reference_100
SYN-0162,office,reference,GBP,24744,53119223.88,64948401.71,124,100,building,synthetic,scenario-generator-v1-seed-42,2020-06-01,synthetic,scenario_reference,reference_100
SYN-0163,school,reference,GBP,7547,15492788.27,18972822.01,131,100,building,synthetic,scenario-generator-v1-seed-42,2021-07-01,synthetic,scenario_reference,reference_100
SYN-0164,warehouse,reference,GBP,1519,1801300.71,1745500.0,138,100,building,synthetic,scenario-generator-v1-seed-42,2022-08-01,synthetic,scenario_reference,reference_100
SYN-0165,healthcare,reference,GBP,867,2604664.91,2410459.92,129,100,building,synthetic,scenario-generator-v1-seed-42,2023-09-01,synthetic,scenario_reference,reference_100
SYN-0166,housing,metro,GBP,22136,35233215.73,33769882.85,97,115,building,synthetic,scenario-generator-v1-seed-42,2024-10-01,synthetic,scenario_reference,reference_100
SYN-0167,office,metro,GBP,23120,60879798.3,57251611.42,106,115,building,synthetic,scenario-generator-v1-seed-42,2025-11-01,synthetic,scenario_reference,reference_100
SYN-0168,school,metro,GBP,20098,60729559.42,70446597.37,137,115,building,synthetic,scenario-generator-v1-seed-42,2026-12-01,synthetic,scenario_reference,reference_100
SYN-0169,warehouse,metro,GBP,5566,6156694.73,5474805.28,109,115,building,synthetic,scenario-generator-v1-seed-42,2020-01-01,synthetic,scenario_reference,reference_100
SYN-0170,healthcare,metro,GBP,10422,41352843.6,50654844.12,126,115,building,synthetic,scenario-generator-v1-seed-42,2021-02-01,synthetic,scenario_reference,reference_100
SYN-0171,housing,regional,GBP,13197,20870220.72,22814390.93,135,92,building,synthetic,scenario-generator-v1-seed-42,2022-03-01,synthetic,scenario_reference,reference_100
SYN-0172,office,regional,GBP,20753,35306290.22,40887971.75,105,92,building,synthetic,scenario-generator-v1-seed-42,2023-04-01,synthetic,scenario_reference,reference_100
SYN-0173,school,regional,GBP,22621,52344235.16,61066972.62,128,92,building,synthetic,scenario-generator-v1-seed-42,2024-05-01,synthetic,scenario_reference,reference_100
SYN-0174,warehouse,regional,GBP,18744,20818381.83,22312897.83,140,92,building,synthetic,scenario-generator-v1-seed-42,2025-06-01,synthetic,scenario_reference,reference_100
SYN-0175,healthcare,regional,GBP,21876,51483682.59,57307288.77,113,92,building,synthetic,scenario-generator-v1-seed-42,2026-07-01,synthetic,scenario_reference,reference_100
SYN-0176,housing,remote,GBP,614,1304789.08,1378473.93,144,108,building,synthetic,scenario-generator-v1-seed-42,2020-08-01,synthetic,scenario_reference,reference_100
SYN-0177,office,remote,GBP,14405,36589864.47,43115104.48,113,108,building,synthetic,scenario-generator-v1-seed-42,2021-09-01,synthetic,scenario_reference,reference_100
SYN-0178,school,remote,GBP,23377,44119700.62,50480275.03,99,108,building,synthetic,scenario-generator-v1-seed-42,2022-10-01,synthetic,scenario_reference,reference_100
SYN-0179,warehouse,remote,GBP,21514,25726107.62,31155920.52,107,108,building,synthetic,scenario-generator-v1-seed-42,2023-11-01,synthetic,scenario_reference,reference_100
SYN-0180,healthcare,remote,GBP,16043,52571888.48,60098576.16,119,108,building,synthetic,scenario-generator-v1-seed-42,2024-12-01,synthetic,scenario_reference,reference_100
SYN-0181,housing,reference,GBP,8994,15312208.37,18054060.89,110,100,building,synthetic,scenario-generator-v1-seed-42,2025-01-01,synthetic,scenario_reference,reference_100
SYN-0182,office,reference,GBP,3039,7248036.94,7014583.74,107,100,building,synthetic,scenario-generator-v1-seed-42,2026-02-01,synthetic,scenario_reference,reference_100
SYN-0183,school,reference,GBP,15427,36146536.13,36740646.0,126,100,building,synthetic,scenario-generator-v1-seed-42,2020-03-01,synthetic,scenario_reference,reference_100
SYN-0184,warehouse,reference,GBP,1140,1524631.3,1441481.49,121,100,building,synthetic,scenario-generator-v1-seed-42,2021-04-01,synthetic,scenario_reference,reference_100
SYN-0185,healthcare,reference,GBP,7150,22681132.38,22738333.82,112,100,building,synthetic,scenario-generator-v1-seed-42,2022-05-01,synthetic,scenario_reference,reference_100
SYN-0186,housing,metro,GBP,19734,47428953.64,51227290.49,134,115,building,synthetic,scenario-generator-v1-seed-42,2023-06-01,synthetic,scenario_reference,reference_100
SYN-0187,office,metro,GBP,17128,35186982.21,40085955.93,102,115,building,synthetic,scenario-generator-v1-seed-42,2024-07-01,synthetic,scenario_reference,reference_100
SYN-0188,school,metro,GBP,16209,45189076.16,51001266.31,125,115,building,synthetic,scenario-generator-v1-seed-42,2025-08-01,synthetic,scenario_reference,reference_100
SYN-0189,warehouse,metro,GBP,21364,33076279.69,38548943.08,135,115,building,synthetic,scenario-generator-v1-seed-42,2026-09-01,synthetic,scenario_reference,reference_100
SYN-0190,healthcare,metro,GBP,3249,9615395.13,10856198.18,108,115,building,synthetic,scenario-generator-v1-seed-42,2020-10-01,synthetic,scenario_reference,reference_100
SYN-0191,housing,regional,GBP,10233,17823402.07,18721234.13,132,92,building,synthetic,scenario-generator-v1-seed-42,2021-11-01,synthetic,scenario_reference,reference_100
SYN-0192,office,regional,GBP,17597,35453440.97,40719580.12,112,92,building,synthetic,scenario-generator-v1-seed-42,2022-12-01,synthetic,scenario_reference,reference_100
SYN-0193,school,regional,GBP,11039,21720245.17,21232189.39,112,92,building,synthetic,scenario-generator-v1-seed-42,2023-01-01,synthetic,scenario_reference,reference_100
SYN-0194,warehouse,regional,GBP,8437,7153842.53,6791359.8,104,92,building,synthetic,scenario-generator-v1-seed-42,2024-02-01,synthetic,scenario_reference,reference_100
SYN-0195,healthcare,regional,GBP,4117,13636732.08,15742083.41,137,92,building,synthetic,scenario-generator-v1-seed-42,2025-03-01,synthetic,scenario_reference,reference_100
SYN-0196,housing,remote,GBP,6266,8841445.77,9321637.88,102,108,building,synthetic,scenario-generator-v1-seed-42,2026-04-01,synthetic,scenario_reference,reference_100
SYN-0197,office,remote,GBP,23943,75071564.95,80241689.04,127,108,building,synthetic,scenario-generator-v1-seed-42,2020-05-01,synthetic,scenario_reference,reference_100
SYN-0198,school,remote,GBP,9473,19443041.75,19183452.39,96,108,building,synthetic,scenario-generator-v1-seed-42,2021-06-01,synthetic,scenario_reference,reference_100
SYN-0199,warehouse,remote,GBP,12025,12338780.9,14003117.78,101,108,building,synthetic,scenario-generator-v1-seed-42,2022-07-01,synthetic,scenario_reference,reference_100
SYN-0200,healthcare,remote,GBP,4347,11280040.72,10147855.9,107,108,building,synthetic,scenario-generator-v1-seed-42,2023-08-01,synthetic,scenario_reference,reference_100
SYN-0201,housing,reference,GBP,9772,20774623.48,23052209.35,134,100,building,synthetic,scenario-generator-v1-seed-42,2024-09-01,synthetic,scenario_reference,reference_100
SYN-0202,office,reference,GBP,24867,53003479.13,46877100.89,121,100,building,synthetic,scenario-generator-v1-seed-42,2025-10-01,synthetic,scenario_reference,reference_100
SYN-0203,school,reference,GBP,9517,20425450.18,20479662.1,120,100,building,synthetic,scenario-generator-v1-seed-42,2026-11-01,synthetic,scenario_reference,reference_100
SYN-0204,warehouse,reference,GBP,1883,2260086.24,2377571.19,106,100,building,synthetic,scenario-generator-v1-seed-42,2020-12-01,synthetic,scenario_reference,reference_100
SYN-0205,healthcare,reference,GBP,2341,6982258.79,7594795.71,115,100,building,synthetic,scenario-generator-v1-seed-42,2021-01-01,synthetic,scenario_reference,reference_100
SYN-0206,housing,metro,GBP,22693,30428119.06,35662094.73,93,115,building,synthetic,scenario-generator-v1-seed-42,2022-02-01,synthetic,scenario_reference,reference_100
SYN-0207,office,metro,GBP,10156,25479000.37,23508010.19,95,115,building,synthetic,scenario-generator-v1-seed-42,2023-03-01,synthetic,scenario_reference,reference_100
SYN-0208,school,metro,GBP,13837,37719790.78,41590995.8,128,115,building,synthetic,scenario-generator-v1-seed-42,2024-04-01,synthetic,scenario_reference,reference_100
SYN-0209,warehouse,metro,GBP,17323,22373301.32,23254352.11,114,115,building,synthetic,scenario-generator-v1-seed-42,2025-05-01,synthetic,scenario_reference,reference_100
SYN-0210,healthcare,metro,GBP,19484,64181241.22,70828481.82,117,115,building,synthetic,scenario-generator-v1-seed-42,2026-06-01,synthetic,scenario_reference,reference_100
SYN-0211,housing,regional,GBP,20176,31321365.23,36163189.67,137,92,building,synthetic,scenario-generator-v1-seed-42,2020-07-01,synthetic,scenario_reference,reference_100
SYN-0212,office,regional,GBP,20696,36453669.51,33144678.34,103,92,building,synthetic,scenario-generator-v1-seed-42,2021-08-01,synthetic,scenario_reference,reference_100
SYN-0213,school,regional,GBP,8059,13689404.6,12818097.84,101,92,building,synthetic,scenario-generator-v1-seed-42,2022-09-01,synthetic,scenario_reference,reference_100
SYN-0214,warehouse,regional,GBP,13586,15586869.88,16353252.77,118,92,building,synthetic,scenario-generator-v1-seed-42,2023-10-01,synthetic,scenario_reference,reference_100
SYN-0215,healthcare,regional,GBP,1269,2956188.58,2902322.73,104,92,building,synthetic,scenario-generator-v1-seed-42,2024-11-01,synthetic,scenario_reference,reference_100
SYN-0216,housing,remote,GBP,15077,22633259.68,27445271.21,94,108,building,synthetic,scenario-generator-v1-seed-42,2025-12-01,synthetic,scenario_reference,reference_100
SYN-0217,office,remote,GBP,20681,59475395.88,72329256.8,127,108,building,synthetic,scenario-generator-v1-seed-42,2026-01-01,synthetic,scenario_reference,reference_100
SYN-0218,school,remote,GBP,14130,27000863.21,30055970.39,97,108,building,synthetic,scenario-generator-v1-seed-42,2020-02-01,synthetic,scenario_reference,reference_100
SYN-0219,warehouse,remote,GBP,8904,12189576.63,10988533.92,142,108,building,synthetic,scenario-generator-v1-seed-42,2021-03-01,synthetic,scenario_reference,reference_100
SYN-0220,healthcare,remote,GBP,10279,39704530.28,43076022.12,128,108,building,synthetic,scenario-generator-v1-seed-42,2022-04-01,synthetic,scenario_reference,reference_100
SYN-0221,housing,reference,GBP,9657,14155517.15,15966348.61,118,100,building,synthetic,scenario-generator-v1-seed-42,2023-05-01,synthetic,scenario_reference,reference_100
SYN-0222,office,reference,GBP,23128,60258769.11,63884538.27,115,100,building,synthetic,scenario-generator-v1-seed-42,2024-06-01,synthetic,scenario_reference,reference_100
SYN-0223,school,reference,GBP,16380,30412050.64,27199013.91,118,100,building,synthetic,scenario-generator-v1-seed-42,2025-07-01,synthetic,scenario_reference,reference_100
SYN-0224,warehouse,reference,GBP,14356,18619361.2,18063246.4,137,100,building,synthetic,scenario-generator-v1-seed-42,2026-08-01,synthetic,scenario_reference,reference_100
SYN-0225,healthcare,reference,GBP,3192,9827217.7,11605404.6,104,100,building,synthetic,scenario-generator-v1-seed-42,2020-09-01,synthetic,scenario_reference,reference_100
SYN-0226,housing,metro,GBP,19048,44214537.81,54819220.94,127,115,building,synthetic,scenario-generator-v1-seed-42,2021-10-01,synthetic,scenario_reference,reference_100
SYN-0227,office,metro,GBP,22229,67579870.09,60449072.13,142,115,building,synthetic,scenario-generator-v1-seed-42,2022-11-01,synthetic,scenario_reference,reference_100
SYN-0228,school,metro,GBP,24981,51765573.78,57694979.44,101,115,building,synthetic,scenario-generator-v1-seed-42,2023-12-01,synthetic,scenario_reference,reference_100
SYN-0229,warehouse,metro,GBP,9314,12431029.3,12889965.44,101,115,building,synthetic,scenario-generator-v1-seed-42,2024-01-01,synthetic,scenario_reference,reference_100
SYN-0230,healthcare,metro,GBP,16312,45917372.37,47157385.41,95,115,building,synthetic,scenario-generator-v1-seed-42,2025-02-01,synthetic,scenario_reference,reference_100
SYN-0231,housing,regional,GBP,10720,16063780.23,15066170.43,132,92,building,synthetic,scenario-generator-v1-seed-42,2026-03-01,synthetic,scenario_reference,reference_100
SYN-0232,office,regional,GBP,13688,33703257.82,37698107.44,134,92,building,synthetic,scenario-generator-v1-seed-42,2020-04-01,synthetic,scenario_reference,reference_100
SYN-0233,school,regional,GBP,13322,33775148.4,30168332.96,142,92,building,synthetic,scenario-generator-v1-seed-42,2021-05-01,synthetic,scenario_reference,reference_100
SYN-0234,warehouse,regional,GBP,3085,2890115.28,2663911.09,110,92,building,synthetic,scenario-generator-v1-seed-42,2022-06-01,synthetic,scenario_reference,reference_100
SYN-0235,healthcare,regional,GBP,13444,46833352.94,57873047.52,145,92,building,synthetic,scenario-generator-v1-seed-42,2023-07-01,synthetic,scenario_reference,reference_100
SYN-0236,housing,remote,GBP,21750,48294018.83,49683395.52,145,108,building,synthetic,scenario-generator-v1-seed-42,2024-08-01,synthetic,scenario_reference,reference_100
SYN-0237,office,remote,GBP,6346,16160930.61,18622556.05,123,108,building,synthetic,scenario-generator-v1-seed-42,2025-09-01,synthetic,scenario_reference,reference_100
SYN-0238,school,remote,GBP,20693,51170462.54,48779827.95,118,108,building,synthetic,scenario-generator-v1-seed-42,2026-10-01,synthetic,scenario_reference,reference_100
SYN-0239,warehouse,remote,GBP,18196,21729565.94,22549244.16,98,108,building,synthetic,scenario-generator-v1-seed-42,2020-11-01,synthetic,scenario_reference,reference_100
SYN-0240,healthcare,remote,GBP,23080,69512299.97,85523266.39,121,108,building,synthetic,scenario-generator-v1-seed-42,2021-12-01,synthetic,scenario_reference,reference_100
SYN-0241,housing,reference,GBP,20151,36667000.55,34357571.28,141,100,building,synthetic,scenario-generator-v1-seed-42,2022-01-01,synthetic,scenario_reference,reference_100
SYN-0242,office,reference,GBP,18249,33363109.42,30479045.85,90,100,building,synthetic,scenario-generator-v1-seed-42,2023-02-01,synthetic,scenario_reference,reference_100
SYN-0243,school,reference,GBP,3917,9515494.59,10592415.33,119,100,building,synthetic,scenario-generator-v1-seed-42,2024-03-01,synthetic,scenario_reference,reference_100
SYN-0244,warehouse,reference,GBP,5245,7170193.3,7063143.47,121,100,building,synthetic,scenario-generator-v1-seed-42,2025-04-01,synthetic,scenario_reference,reference_100
SYN-0245,healthcare,reference,GBP,23314,63215170.55,66609815.58,107,100,building,synthetic,scenario-generator-v1-seed-42,2026-05-01,synthetic,scenario_reference,reference_100
SYN-0246,housing,metro,GBP,15673,26151721.1,24375263.68,105,115,building,synthetic,scenario-generator-v1-seed-42,2020-06-01,synthetic,scenario_reference,reference_100
SYN-0247,office,metro,GBP,6445,19020989.0,22759706.13,128,115,building,synthetic,scenario-generator-v1-seed-42,2021-07-01,synthetic,scenario_reference,reference_100
SYN-0248,school,metro,GBP,2487,5959062.02,7076913.27,107,115,building,synthetic,scenario-generator-v1-seed-42,2022-08-01,synthetic,scenario_reference,reference_100
SYN-0249,warehouse,metro,GBP,11337,18294939.74,21503832.11,140,115,building,synthetic,scenario-generator-v1-seed-42,2023-09-01,synthetic,scenario_reference,reference_100
SYN-0250,healthcare,metro,GBP,9468,36173954.46,39476548.96,136,115,building,synthetic,scenario-generator-v1-seed-42,2024-10-01,synthetic,scenario_reference,reference_100
SYN-0251,housing,regional,GBP,21824,37739269.84,39277411.58,121,92,building,synthetic,scenario-generator-v1-seed-42,2025-11-01,synthetic,scenario_reference,reference_100
SYN-0252,office,regional,GBP,16070,31452327.39,36315931.74,112,92,building,synthetic,scenario-generator-v1-seed-42,2026-12-01,synthetic,scenario_reference,reference_100
SYN-0253,school,regional,GBP,12560,27965327.21,33364218.37,119,92,building,synthetic,scenario-generator-v1-seed-42,2020-01-01,synthetic,scenario_reference,reference_100
SYN-0254,warehouse,regional,GBP,23055,22750834.39,21933680.85,105,92,building,synthetic,scenario-generator-v1-seed-42,2021-02-01,synthetic,scenario_reference,reference_100
SYN-0255,healthcare,regional,GBP,13660,28421016.02,29849781.71,92,92,building,synthetic,scenario-generator-v1-seed-42,2022-03-01,synthetic,scenario_reference,reference_100
SYN-0256,housing,remote,GBP,12692,25082448.67,29227617.23,114,108,building,synthetic,scenario-generator-v1-seed-42,2023-04-01,synthetic,scenario_reference,reference_100
SYN-0257,office,remote,GBP,21565,46049970.77,41137685.0,99,108,building,synthetic,scenario-generator-v1-seed-42,2024-05-01,synthetic,scenario_reference,reference_100
SYN-0258,school,remote,GBP,16659,39056101.35,35780515.21,127,108,building,synthetic,scenario-generator-v1-seed-42,2025-06-01,synthetic,scenario_reference,reference_100
SYN-0259,warehouse,remote,GBP,14627,15283340.2,15963358.77,96,108,building,synthetic,scenario-generator-v1-seed-42,2026-07-01,synthetic,scenario_reference,reference_100
SYN-0260,healthcare,remote,GBP,23873,64572748.68,72045189.65,99,108,building,synthetic,scenario-generator-v1-seed-42,2020-08-01,synthetic,scenario_reference,reference_100
SYN-0261,housing,reference,GBP,5258,6856194.81,8425669.04,94,100,building,synthetic,scenario-generator-v1-seed-42,2021-09-01,synthetic,scenario_reference,reference_100
SYN-0262,office,reference,GBP,11293,30820328.89,34332033.99,129,100,building,synthetic,scenario-generator-v1-seed-42,2022-10-01,synthetic,scenario_reference,reference_100
SYN-0263,school,reference,GBP,10966,29910646.54,32067324.77,144,100,building,synthetic,scenario-generator-v1-seed-42,2023-11-01,synthetic,scenario_reference,reference_100
SYN-0264,warehouse,reference,GBP,10576,14650930.64,16898158.53,130,100,building,synthetic,scenario-generator-v1-seed-42,2024-12-01,synthetic,scenario_reference,reference_100
SYN-0265,healthcare,reference,GBP,17928,44394907.57,42819655.83,92,100,building,synthetic,scenario-generator-v1-seed-42,2025-01-01,synthetic,scenario_reference,reference_100
SYN-0266,housing,metro,GBP,22626,45213021.25,51942341.6,108,115,building,synthetic,scenario-generator-v1-seed-42,2026-02-01,synthetic,scenario_reference,reference_100
SYN-0267,office,metro,GBP,14420,34326361.32,38905521.9,96,115,building,synthetic,scenario-generator-v1-seed-42,2020-03-01,synthetic,scenario_reference,reference_100
SYN-0268,school,metro,GBP,3493,7678028.93,7584416.78,118,115,building,synthetic,scenario-generator-v1-seed-42,2021-04-01,synthetic,scenario_reference,reference_100
SYN-0269,warehouse,metro,GBP,1148,1150590.48,1035764.91,92,115,building,synthetic,scenario-generator-v1-seed-42,2022-05-01,synthetic,scenario_reference,reference_100
SYN-0270,healthcare,metro,GBP,11946,39522665.27,38254425.45,113,115,building,synthetic,scenario-generator-v1-seed-42,2023-06-01,synthetic,scenario_reference,reference_100
SYN-0271,housing,regional,GBP,13702,23449493.95,22155562.11,126,92,building,synthetic,scenario-generator-v1-seed-42,2024-07-01,synthetic,scenario_reference,reference_100
SYN-0272,office,regional,GBP,5936,10716958.24,10906819.31,95,92,building,synthetic,scenario-generator-v1-seed-42,2025-08-01,synthetic,scenario_reference,reference_100
SYN-0273,school,regional,GBP,22584,39241577.76,42770830.55,105,92,building,synthetic,scenario-generator-v1-seed-42,2026-09-01,synthetic,scenario_reference,reference_100
SYN-0274,warehouse,regional,GBP,7808,8901849.24,9306397.16,119,92,building,synthetic,scenario-generator-v1-seed-42,2020-10-01,synthetic,scenario_reference,reference_100
SYN-0275,healthcare,regional,GBP,22051,53152415.88,55676686.4,90,92,building,synthetic,scenario-generator-v1-seed-42,2021-11-01,synthetic,scenario_reference,reference_100
SYN-0276,housing,remote,GBP,9625,19626068.94,17792803.42,133,108,building,synthetic,scenario-generator-v1-seed-42,2022-12-01,synthetic,scenario_reference,reference_100
SYN-0277,office,remote,GBP,11523,29705279.76,36428489.58,127,108,building,synthetic,scenario-generator-v1-seed-42,2023-01-01,synthetic,scenario_reference,reference_100
SYN-0278,school,remote,GBP,22820,46414881.5,45893354.67,106,108,building,synthetic,scenario-generator-v1-seed-42,2024-02-01,synthetic,scenario_reference,reference_100
SYN-0279,warehouse,remote,GBP,12805,19814015.91,19128333.12,144,108,building,synthetic,scenario-generator-v1-seed-42,2025-03-01,synthetic,scenario_reference,reference_100
SYN-0280,healthcare,remote,GBP,18940,60902406.36,75358757.92,112,108,building,synthetic,scenario-generator-v1-seed-42,2026-04-01,synthetic,scenario_reference,reference_100
SYN-0281,housing,reference,GBP,9874,14383163.35,16065457.46,91,100,building,synthetic,scenario-generator-v1-seed-42,2020-05-01,synthetic,scenario_reference,reference_100
SYN-0282,office,reference,GBP,9194,16876521.75,19017946.76,90,100,building,synthetic,scenario-generator-v1-seed-42,2021-06-01,synthetic,scenario_reference,reference_100
SYN-0283,school,reference,GBP,24601,46255091.33,53112962.55,93,100,building,synthetic,scenario-generator-v1-seed-42,2022-07-01,synthetic,scenario_reference,reference_100
SYN-0284,warehouse,reference,GBP,9578,14507075.09,15936651.58,139,100,building,synthetic,scenario-generator-v1-seed-42,2023-08-01,synthetic,scenario_reference,reference_100
SYN-0285,healthcare,reference,GBP,11744,33057298.02,36479416.58,104,100,building,synthetic,scenario-generator-v1-seed-42,2024-09-01,synthetic,scenario_reference,reference_100
SYN-0286,housing,metro,GBP,22408,53085842.7,59313096.3,138,115,building,synthetic,scenario-generator-v1-seed-42,2025-10-01,synthetic,scenario_reference,reference_100
SYN-0287,office,metro,GBP,4681,12304738.95,13607625.23,130,115,building,synthetic,scenario-generator-v1-seed-42,2026-11-01,synthetic,scenario_reference,reference_100
SYN-0288,school,metro,GBP,1491,3655421.41,3260676.95,109,115,building,synthetic,scenario-generator-v1-seed-42,2020-12-01,synthetic,scenario_reference,reference_100
SYN-0289,warehouse,metro,GBP,12155,16908315.09,20416215.8,136,115,building,synthetic,scenario-generator-v1-seed-42,2021-01-01,synthetic,scenario_reference,reference_100
SYN-0290,healthcare,metro,GBP,10905,43537804.61,41460447.29,137,115,building,synthetic,scenario-generator-v1-seed-42,2022-02-01,synthetic,scenario_reference,reference_100
SYN-0291,housing,regional,GBP,17875,26256786.51,31740655.82,113,92,building,synthetic,scenario-generator-v1-seed-42,2023-03-01,synthetic,scenario_reference,reference_100
SYN-0292,office,regional,GBP,5591,12259208.6,14955101.91,106,92,building,synthetic,scenario-generator-v1-seed-42,2024-04-01,synthetic,scenario_reference,reference_100
SYN-0293,school,regional,GBP,9871,24882995.43,29101253.23,137,92,building,synthetic,scenario-generator-v1-seed-42,2025-05-01,synthetic,scenario_reference,reference_100
SYN-0294,warehouse,regional,GBP,15546,11995262.51,14729463.55,94,92,building,synthetic,scenario-generator-v1-seed-42,2026-06-01,synthetic,scenario_reference,reference_100
SYN-0295,healthcare,regional,GBP,22361,76549066.9,78314911.36,136,92,building,synthetic,scenario-generator-v1-seed-42,2020-07-01,synthetic,scenario_reference,reference_100
SYN-0296,housing,remote,GBP,18462,27666458.37,28276416.4,113,108,building,synthetic,scenario-generator-v1-seed-42,2021-08-01,synthetic,scenario_reference,reference_100
SYN-0297,office,remote,GBP,8865,21062761.48,21330065.55,124,108,building,synthetic,scenario-generator-v1-seed-42,2022-09-01,synthetic,scenario_reference,reference_100
SYN-0298,school,remote,GBP,24743,59408909.69,60428911.94,133,108,building,synthetic,scenario-generator-v1-seed-42,2023-10-01,synthetic,scenario_reference,reference_100
SYN-0299,warehouse,remote,GBP,21123,22749633.12,21934647.64,113,108,building,synthetic,scenario-generator-v1-seed-42,2024-11-01,synthetic,scenario_reference,reference_100
SYN-0300,healthcare,remote,GBP,1020,4120663.8,4458997.73,129,108,building,synthetic,scenario-generator-v1-seed-42,2025-12-01,synthetic,scenario_reference,reference_100
SYN-0301,housing,reference,GBP,20191,30700305.66,34038823.05,104,100,building,synthetic,scenario-generator-v1-seed-42,2026-01-01,synthetic,scenario_reference,reference_100
SYN-0302,office,reference,GBP,15413,38855570.36,39904146.52,134,100,building,synthetic,scenario-generator-v1-seed-42,2020-02-01,synthetic,scenario_reference,reference_100
SYN-0303,school,reference,GBP,4780,8975419.05,8881816.65,92,100,building,synthetic,scenario-generator-v1-seed-42,2021-03-01,synthetic,scenario_reference,reference_100
SYN-0304,warehouse,reference,GBP,16342,13936177.69,16715237.58,97,100,building,synthetic,scenario-generator-v1-seed-42,2022-04-01,synthetic,scenario_reference,reference_100
SYN-0305,healthcare,reference,GBP,4645,13576313.23,15224138.77,114,100,building,synthetic,scenario-generator-v1-seed-42,2023-05-01,synthetic,scenario_reference,reference_100
SYN-0306,housing,metro,GBP,24551,60052810.23,61907579.18,134,115,building,synthetic,scenario-generator-v1-seed-42,2024-06-01,synthetic,scenario_reference,reference_100
SYN-0307,office,metro,GBP,24522,68754888.84,70773424.42,136,115,building,synthetic,scenario-generator-v1-seed-42,2025-07-01,synthetic,scenario_reference,reference_100
SYN-0308,school,metro,GBP,3444,10162003.64,10435582.24,143,115,building,synthetic,scenario-generator-v1-seed-42,2026-08-01,synthetic,scenario_reference,reference_100
SYN-0309,warehouse,metro,GBP,9366,10474888.34,10037216.99,92,115,building,synthetic,scenario-generator-v1-seed-42,2020-09-01,synthetic,scenario_reference,reference_100
SYN-0310,healthcare,metro,GBP,14771,51318601.17,46995915.56,105,115,building,synthetic,scenario-generator-v1-seed-42,2021-10-01,synthetic,scenario_reference,reference_100
SYN-0311,housing,regional,GBP,22668,33432018.08,41189025.6,113,92,building,synthetic,scenario-generator-v1-seed-42,2022-11-01,synthetic,scenario_reference,reference_100
SYN-0312,office,regional,GBP,11953,19828938.88,18804399.07,93,92,building,synthetic,scenario-generator-v1-seed-42,2023-12-01,synthetic,scenario_reference,reference_100
SYN-0313,school,regional,GBP,4202,10994800.69,10038279.78,144,92,building,synthetic,scenario-generator-v1-seed-42,2024-01-01,synthetic,scenario_reference,reference_100
SYN-0314,warehouse,regional,GBP,7150,8977790.68,11039033.89,131,92,building,synthetic,scenario-generator-v1-seed-42,2025-02-01,synthetic,scenario_reference,reference_100
SYN-0315,healthcare,regional,GBP,1857,5908113.54,7302283.74,140,92,building,synthetic,scenario-generator-v1-seed-42,2026-03-01,synthetic,scenario_reference,reference_100
SYN-0316,housing,remote,GBP,18700,25353669.67,29295066.36,103,108,building,synthetic,scenario-generator-v1-seed-42,2020-04-01,synthetic,scenario_reference,reference_100
SYN-0317,office,remote,GBP,6988,17535962.0,20921987.1,127,108,building,synthetic,scenario-generator-v1-seed-42,2021-05-01,synthetic,scenario_reference,reference_100
SYN-0318,school,remote,GBP,10966,26498796.19,31909616.46,139,108,building,synthetic,scenario-generator-v1-seed-42,2022-06-01,synthetic,scenario_reference,reference_100
SYN-0319,warehouse,remote,GBP,292,373716.85,348336.87,107,108,building,synthetic,scenario-generator-v1-seed-42,2023-07-01,synthetic,scenario_reference,reference_100
SYN-0320,healthcare,remote,GBP,4459,14364487.28,13543111.01,124,108,building,synthetic,scenario-generator-v1-seed-42,2024-08-01,synthetic,scenario_reference,reference_100
SYN-0321,housing,reference,GBP,21861,38064375.63,33700284.22,145,100,building,synthetic,scenario-generator-v1-seed-42,2025-09-01,synthetic,scenario_reference,reference_100
SYN-0322,office,reference,GBP,7996,19236087.98,18134410.92,127,100,building,synthetic,scenario-generator-v1-seed-42,2026-10-01,synthetic,scenario_reference,reference_100
SYN-0323,school,reference,GBP,1917,3626805.26,3878472.14,98,100,building,synthetic,scenario-generator-v1-seed-42,2020-11-01,synthetic,scenario_reference,reference_100
SYN-0324,warehouse,reference,GBP,24633,22990012.46,26670394.68,94,100,building,synthetic,scenario-generator-v1-seed-42,2021-12-01,synthetic,scenario_reference,reference_100
SYN-0325,healthcare,reference,GBP,17017,49599941.73,52644481.8,127,100,building,synthetic,scenario-generator-v1-seed-42,2022-01-01,synthetic,scenario_reference,reference_100
SYN-0326,housing,metro,GBP,20355,32205227.05,38876559.4,92,115,building,synthetic,scenario-generator-v1-seed-42,2023-02-01,synthetic,scenario_reference,reference_100
SYN-0327,office,metro,GBP,21790,57975425.36,64445636.25,123,115,building,synthetic,scenario-generator-v1-seed-42,2024-03-01,synthetic,scenario_reference,reference_100
SYN-0328,school,metro,GBP,1220,2699919.55,3199478.85,93,115,building,synthetic,scenario-generator-v1-seed-42,2025-04-01,synthetic,scenario_reference,reference_100
SYN-0329,warehouse,metro,GBP,14168,19121321.03,21730702.03,133,115,building,synthetic,scenario-generator-v1-seed-42,2026-05-01,synthetic,scenario_reference,reference_100
SYN-0330,healthcare,metro,GBP,14734,46371636.77,46184307.19,94,115,building,synthetic,scenario-generator-v1-seed-42,2020-06-01,synthetic,scenario_reference,reference_100
SYN-0331,housing,regional,GBP,5060,5439230.83,6009013.64,94,92,building,synthetic,scenario-generator-v1-seed-42,2021-07-01,synthetic,scenario_reference,reference_100
SYN-0332,office,regional,GBP,19381,47413396.01,48225378.09,125,92,building,synthetic,scenario-generator-v1-seed-42,2022-08-01,synthetic,scenario_reference,reference_100
SYN-0333,school,regional,GBP,19775,37800889.31,40144483.47,123,92,building,synthetic,scenario-generator-v1-seed-42,2023-09-01,synthetic,scenario_reference,reference_100
SYN-0334,warehouse,regional,GBP,14296,13736436.56,12653855.17,96,92,building,synthetic,scenario-generator-v1-seed-42,2024-10-01,synthetic,scenario_reference,reference_100
SYN-0335,healthcare,regional,GBP,21653,75538330.83,81466630.57,131,92,building,synthetic,scenario-generator-v1-seed-42,2025-11-01,synthetic,scenario_reference,reference_100
SYN-0336,housing,remote,GBP,7245,12630423.04,12153721.66,117,108,building,synthetic,scenario-generator-v1-seed-42,2026-12-01,synthetic,scenario_reference,reference_100
SYN-0337,office,remote,GBP,11306,34193996.99,35211482.94,142,108,building,synthetic,scenario-generator-v1-seed-42,2020-01-01,synthetic,scenario_reference,reference_100
SYN-0338,school,remote,GBP,3315,6933049.49,7761124.81,110,108,building,synthetic,scenario-generator-v1-seed-42,2021-02-01,synthetic,scenario_reference,reference_100
SYN-0339,warehouse,remote,GBP,12465,14074539.58,14788631.6,99,108,building,synthetic,scenario-generator-v1-seed-42,2022-03-01,synthetic,scenario_reference,reference_100
SYN-0340,healthcare,remote,GBP,3189,11212385.71,11610151.22,143,108,building,synthetic,scenario-generator-v1-seed-42,2023-04-01,synthetic,scenario_reference,reference_100
SYN-0341,housing,reference,GBP,24598,45376447.23,42056777.29,137,100,building,synthetic,scenario-generator-v1-seed-42,2024-05-01,synthetic,scenario_reference,reference_100
SYN-0342,office,reference,GBP,2165,6252407.34,6766392.85,127,100,building,synthetic,scenario-generator-v1-seed-42,2025-06-01,synthetic,scenario_reference,reference_100
SYN-0343,school,reference,GBP,22154,37645883.72,44967957.43,97,100,building,synthetic,scenario-generator-v1-seed-42,2026-07-01,synthetic,scenario_reference,reference_100
SYN-0344,warehouse,reference,GBP,24785,32200680.53,36695310.91,117,100,building,synthetic,scenario-generator-v1-seed-42,2020-08-01,synthetic,scenario_reference,reference_100
SYN-0345,healthcare,reference,GBP,9625,30229708.94,27729597.25,128,100,building,synthetic,scenario-generator-v1-seed-42,2021-09-01,synthetic,scenario_reference,reference_100
SYN-0346,housing,metro,GBP,16826,25012382.64,26352750.77,103,115,building,synthetic,scenario-generator-v1-seed-42,2022-10-01,synthetic,scenario_reference,reference_100
SYN-0347,office,metro,GBP,3746,10649520.55,10780743.71,112,115,building,synthetic,scenario-generator-v1-seed-42,2023-11-01,synthetic,scenario_reference,reference_100
SYN-0348,school,metro,GBP,9328,22330583.19,23100552.15,126,115,building,synthetic,scenario-generator-v1-seed-42,2024-12-01,synthetic,scenario_reference,reference_100
SYN-0349,warehouse,metro,GBP,18581,32539076.94,35821826.65,139,115,building,synthetic,scenario-generator-v1-seed-42,2025-01-01,synthetic,scenario_reference,reference_100
SYN-0350,healthcare,metro,GBP,21259,68162989.11,82781928.88,125,115,building,synthetic,scenario-generator-v1-seed-42,2026-02-01,synthetic,scenario_reference,reference_100
SYN-0351,housing,regional,GBP,22923,27127230.29,26540667.41,107,92,building,synthetic,scenario-generator-v1-seed-42,2020-03-01,synthetic,scenario_reference,reference_100
SYN-0352,office,regional,GBP,10324,20143353.28,19041632.73,111,92,building,synthetic,scenario-generator-v1-seed-42,2021-04-01,synthetic,scenario_reference,reference_100
SYN-0353,school,regional,GBP,4894,10693647.95,9678294.12,126,92,building,synthetic,scenario-generator-v1-seed-42,2022-05-01,synthetic,scenario_reference,reference_100
SYN-0354,warehouse,regional,GBP,24480,33422190.08,30515554.65,130,92,building,synthetic,scenario-generator-v1-seed-42,2023-06-01,synthetic,scenario_reference,reference_100
SYN-0355,healthcare,regional,GBP,17582,41708931.48,43515448.93,103,92,building,synthetic,scenario-generator-v1-seed-42,2024-07-01,synthetic,scenario_reference,reference_100
SYN-0356,housing,remote,GBP,5357,8635544.77,8607719.67,113,108,building,synthetic,scenario-generator-v1-seed-42,2025-08-01,synthetic,scenario_reference,reference_100
SYN-0357,office,remote,GBP,18798,45501438.13,40903025.37,128,108,building,synthetic,scenario-generator-v1-seed-42,2026-09-01,synthetic,scenario_reference,reference_100
SYN-0358,school,remote,GBP,5358,14882156.05,16707136.03,138,108,building,synthetic,scenario-generator-v1-seed-42,2020-10-01,synthetic,scenario_reference,reference_100
SYN-0359,warehouse,remote,GBP,9116,12181823.85,12849853.31,118,108,building,synthetic,scenario-generator-v1-seed-42,2021-11-01,synthetic,scenario_reference,reference_100
SYN-0360,healthcare,remote,GBP,14684,44575077.41,51340661.79,116,108,building,synthetic,scenario-generator-v1-seed-42,2022-12-01,synthetic,scenario_reference,reference_100
SYN-0361,housing,reference,GBP,3929,6031138.27,5922389.18,112,100,building,synthetic,scenario-generator-v1-seed-42,2023-01-01,synthetic,scenario_reference,reference_100
SYN-0362,office,reference,GBP,22432,56748791.19,63568164.11,127,100,building,synthetic,scenario-generator-v1-seed-42,2024-02-01,synthetic,scenario_reference,reference_100
SYN-0363,school,reference,GBP,1688,3060647.71,3353726.11,104,100,building,synthetic,scenario-generator-v1-seed-42,2025-03-01,synthetic,scenario_reference,reference_100
SYN-0364,warehouse,reference,GBP,451,436856.0,417653.66,103,100,building,synthetic,scenario-generator-v1-seed-42,2026-04-01,synthetic,scenario_reference,reference_100
SYN-0365,healthcare,reference,GBP,4696,15613454.25,15584164.16,138,100,building,synthetic,scenario-generator-v1-seed-42,2020-05-01,synthetic,scenario_reference,reference_100
SYN-0366,housing,metro,GBP,453,947885.5,894093.12,121,115,building,synthetic,scenario-generator-v1-seed-42,2021-06-01,synthetic,scenario_reference,reference_100
SYN-0367,office,metro,GBP,12658,38306413.42,40608416.07,124,115,building,synthetic,scenario-generator-v1-seed-42,2022-07-01,synthetic,scenario_reference,reference_100
SYN-0368,school,metro,GBP,22090,61653351.63,63068026.18,141,115,building,synthetic,scenario-generator-v1-seed-42,2023-08-01,synthetic,scenario_reference,reference_100
SYN-0369,warehouse,metro,GBP,24515,25440590.78,26598430.99,92,115,building,synthetic,scenario-generator-v1-seed-42,2024-09-01,synthetic,scenario_reference,reference_100
SYN-0370,healthcare,metro,GBP,2751,11258074.96,11646955.25,145,115,building,synthetic,scenario-generator-v1-seed-42,2025-10-01,synthetic,scenario_reference,reference_100
SYN-0371,housing,regional,GBP,13452,24373725.89,23989241.92,135,92,building,synthetic,scenario-generator-v1-seed-42,2026-11-01,synthetic,scenario_reference,reference_100
SYN-0372,office,regional,GBP,13472,25712409.01,24217858.39,91,92,building,synthetic,scenario-generator-v1-seed-42,2020-12-01,synthetic,scenario_reference,reference_100
SYN-0373,school,regional,GBP,20454,44322407.97,53679626.68,119,92,building,synthetic,scenario-generator-v1-seed-42,2021-01-01,synthetic,scenario_reference,reference_100
SYN-0374,warehouse,regional,GBP,3087,3666247.43,3547438.76,117,92,building,synthetic,scenario-generator-v1-seed-42,2022-02-01,synthetic,scenario_reference,reference_100
SYN-0375,healthcare,regional,GBP,19496,54015127.26,55229171.85,115,92,building,synthetic,scenario-generator-v1-seed-42,2023-03-01,synthetic,scenario_reference,reference_100
SYN-0376,housing,remote,GBP,10367,20440701.16,20438753.24,137,108,building,synthetic,scenario-generator-v1-seed-42,2024-04-01,synthetic,scenario_reference,reference_100
SYN-0377,office,remote,GBP,5709,11628008.87,10709972.81,94,108,building,synthetic,scenario-generator-v1-seed-42,2025-05-01,synthetic,scenario_reference,reference_100
SYN-0378,school,remote,GBP,16910,37613738.54,37830961.47,102,108,building,synthetic,scenario-generator-v1-seed-42,2026-06-01,synthetic,scenario_reference,reference_100
SYN-0379,warehouse,remote,GBP,24034,38466787.23,35895988.02,142,108,building,synthetic,scenario-generator-v1-seed-42,2020-07-01,synthetic,scenario_reference,reference_100
SYN-0380,healthcare,remote,GBP,3568,9192607.17,8663661.32,99,108,building,synthetic,scenario-generator-v1-seed-42,2021-08-01,synthetic,scenario_reference,reference_100
SYN-0381,housing,reference,GBP,5209,10846204.38,9838886.78,138,100,building,synthetic,scenario-generator-v1-seed-42,2022-09-01,synthetic,scenario_reference,reference_100
SYN-0382,office,reference,GBP,20776,49734210.58,53859403.44,121,100,building,synthetic,scenario-generator-v1-seed-42,2023-10-01,synthetic,scenario_reference,reference_100
SYN-0383,school,reference,GBP,19188,42969957.43,51458128.36,118,100,building,synthetic,scenario-generator-v1-seed-42,2024-11-01,synthetic,scenario_reference,reference_100
SYN-0384,warehouse,reference,GBP,21269,31685438.72,31569944.25,130,100,building,synthetic,scenario-generator-v1-seed-42,2025-12-01,synthetic,scenario_reference,reference_100
SYN-0385,healthcare,reference,GBP,20752,53135941.14,48065871.86,110,100,building,synthetic,scenario-generator-v1-seed-42,2026-01-01,synthetic,scenario_reference,reference_100
SYN-0386,housing,metro,GBP,14690,28927415.07,28316540.97,130,115,building,synthetic,scenario-generator-v1-seed-42,2020-02-01,synthetic,scenario_reference,reference_100
SYN-0387,office,metro,GBP,2040,5266606.69,5223140.47,112,115,building,synthetic,scenario-generator-v1-seed-42,2021-03-01,synthetic,scenario_reference,reference_100
SYN-0388,school,metro,GBP,15008,24781846.3,29227976.86,92,115,building,synthetic,scenario-generator-v1-seed-42,2022-04-01,synthetic,scenario_reference,reference_100
SYN-0389,warehouse,metro,GBP,2714,4535427.29,5387659.54,131,115,building,synthetic,scenario-generator-v1-seed-42,2023-05-01,synthetic,scenario_reference,reference_100
SYN-0390,healthcare,metro,GBP,20352,78056330.58,81691897.63,128,115,building,synthetic,scenario-generator-v1-seed-42,2024-06-01,synthetic,scenario_reference,reference_100
SYN-0391,housing,regional,GBP,18363,35485519.28,31751313.4,140,92,building,synthetic,scenario-generator-v1-seed-42,2025-07-01,synthetic,scenario_reference,reference_100
SYN-0392,office,regional,GBP,18932,41365657.46,45411305.64,131,92,building,synthetic,scenario-generator-v1-seed-42,2026-08-01,synthetic,scenario_reference,reference_100
SYN-0393,school,regional,GBP,16628,31003945.3,32311949.64,99,92,building,synthetic,scenario-generator-v1-seed-42,2020-09-01,synthetic,scenario_reference,reference_100
SYN-0394,warehouse,regional,GBP,11453,12450797.21,13852828.6,135,92,building,synthetic,scenario-generator-v1-seed-42,2021-10-01,synthetic,scenario_reference,reference_100
SYN-0395,healthcare,regional,GBP,1482,3954033.5,4890170.58,105,92,building,synthetic,scenario-generator-v1-seed-42,2022-11-01,synthetic,scenario_reference,reference_100
SYN-0396,housing,remote,GBP,17372,33372020.43,33739221.63,123,108,building,synthetic,scenario-generator-v1-seed-42,2023-12-01,synthetic,scenario_reference,reference_100
SYN-0397,office,remote,GBP,9469,22678313.04,22719410.06,114,108,building,synthetic,scenario-generator-v1-seed-42,2024-01-01,synthetic,scenario_reference,reference_100
SYN-0398,school,remote,GBP,19791,38885153.87,43280340.03,93,108,building,synthetic,scenario-generator-v1-seed-42,2025-02-01,synthetic,scenario_reference,reference_100
SYN-0399,warehouse,remote,GBP,2359,2483951.79,2792499.75,111,108,building,synthetic,scenario-generator-v1-seed-42,2026-03-01,synthetic,scenario_reference,reference_100
SYN-0400,healthcare,remote,GBP,9510,30206248.05,33721139.84,106,108,building,synthetic,scenario-generator-v1-seed-42,2020-04-01,synthetic,scenario_reference,reference_100
SYN-0401,housing,reference,GBP,19949,36248876.18,32962579.0,145,100,building,synthetic,scenario-generator-v1-seed-42,2021-05-01,synthetic,scenario_reference,reference_100
SYN-0402,office,reference,GBP,21945,48883527.57,48476984.07,99,100,building,synthetic,scenario-generator-v1-seed-42,2022-06-01,synthetic,scenario_reference,reference_100
SYN-0403,school,reference,GBP,21697,54878677.73,50840847.14,134,100,building,synthetic,scenario-generator-v1-seed-42,2023-07-01,synthetic,scenario_reference,reference_100
SYN-0404,warehouse,reference,GBP,23427,20984286.34,21311736.69,95,100,building,synthetic,scenario-generator-v1-seed-42,2024-08-01,synthetic,scenario_reference,reference_100
SYN-0405,healthcare,reference,GBP,10963,35955837.56,40738651.21,142,100,building,synthetic,scenario-generator-v1-seed-42,2025-09-01,synthetic,scenario_reference,reference_100
SYN-0406,housing,metro,GBP,24408,58731810.08,53659911.12,133,115,building,synthetic,scenario-generator-v1-seed-42,2026-10-01,synthetic,scenario_reference,reference_100
SYN-0407,office,metro,GBP,22169,59808697.73,53024178.1,117,115,building,synthetic,scenario-generator-v1-seed-42,2020-11-01,synthetic,scenario_reference,reference_100
SYN-0408,school,metro,GBP,10320,24496355.98,24570424.25,101,115,building,synthetic,scenario-generator-v1-seed-42,2021-12-01,synthetic,scenario_reference,reference_100
SYN-0409,warehouse,metro,GBP,16134,17372615.22,16148254.58,102,115,building,synthetic,scenario-generator-v1-seed-42,2022-01-01,synthetic,scenario_reference,reference_100
SYN-0410,healthcare,metro,GBP,2728,9719505.12,8907058.25,108,115,building,synthetic,scenario-generator-v1-seed-42,2023-02-01,synthetic,scenario_reference,reference_100
SYN-0411,housing,regional,GBP,17887,35303629.52,37759045.91,143,92,building,synthetic,scenario-generator-v1-seed-42,2024-03-01,synthetic,scenario_reference,reference_100
SYN-0412,office,regional,GBP,21890,49756481.78,54856089.65,111,92,building,synthetic,scenario-generator-v1-seed-42,2025-04-01,synthetic,scenario_reference,reference_100
SYN-0413,school,regional,GBP,19770,33451341.36,31615014.86,114,92,building,synthetic,scenario-generator-v1-seed-42,2026-05-01,synthetic,scenario_reference,reference_100
SYN-0414,warehouse,regional,GBP,22903,30384389.49,36611857.09,139,92,building,synthetic,scenario-generator-v1-seed-42,2020-06-01,synthetic,scenario_reference,reference_100
SYN-0415,healthcare,regional,GBP,23831,58056447.1,58703648.13,118,92,building,synthetic,scenario-generator-v1-seed-42,2021-07-01,synthetic,scenario_reference,reference_100
SYN-0416,housing,remote,GBP,23779,43069848.34,47368837.34,105,108,building,synthetic,scenario-generator-v1-seed-42,2022-08-01,synthetic,scenario_reference,reference_100
SYN-0417,office,remote,GBP,24854,79809837.77,76955922.57,137,108,building,synthetic,scenario-generator-v1-seed-42,2023-09-01,synthetic,scenario_reference,reference_100
SYN-0418,school,remote,GBP,8037,19408826.13,22560301.01,109,108,building,synthetic,scenario-generator-v1-seed-42,2024-10-01,synthetic,scenario_reference,reference_100
SYN-0419,warehouse,remote,GBP,6557,8430214.87,9149741.98,113,108,building,synthetic,scenario-generator-v1-seed-42,2025-11-01,synthetic,scenario_reference,reference_100
SYN-0420,healthcare,remote,GBP,14637,52863286.23,61328001.62,119,108,building,synthetic,scenario-generator-v1-seed-42,2026-12-01,synthetic,scenario_reference,reference_100
SYN-0421,housing,reference,GBP,16679,28020389.47,26292678.66,123,100,building,synthetic,scenario-generator-v1-seed-42,2020-01-01,synthetic,scenario_reference,reference_100
SYN-0422,office,reference,GBP,6743,19612320.8,23422616.04,141,100,building,synthetic,scenario-generator-v1-seed-42,2021-02-01,synthetic,scenario_reference,reference_100
SYN-0423,school,reference,GBP,1909,4475211.1,4536236.68,131,100,building,synthetic,scenario-generator-v1-seed-42,2022-03-01,synthetic,scenario_reference,reference_100
SYN-0424,warehouse,reference,GBP,3561,5306197.57,6295377.74,135,100,building,synthetic,scenario-generator-v1-seed-42,2023-04-01,synthetic,scenario_reference,reference_100
SYN-0425,healthcare,reference,GBP,9540,25423809.71,24869694.42,95,100,building,synthetic,scenario-generator-v1-seed-42,2024-05-01,synthetic,scenario_reference,reference_100
SYN-0426,housing,metro,GBP,17021,29824138.49,27229942.02,99,115,building,synthetic,scenario-generator-v1-seed-42,2025-06-01,synthetic,scenario_reference,reference_100
SYN-0427,office,metro,GBP,7475,24055411.16,24196150.43,142,115,building,synthetic,scenario-generator-v1-seed-42,2026-07-01,synthetic,scenario_reference,reference_100
SYN-0428,school,metro,GBP,1073,2231179.17,2366662.08,116,115,building,synthetic,scenario-generator-v1-seed-42,2020-08-01,synthetic,scenario_reference,reference_100
SYN-0429,warehouse,metro,GBP,7925,11931062.3,12109653.15,114,115,building,synthetic,scenario-generator-v1-seed-42,2021-09-01,synthetic,scenario_reference,reference_100
SYN-0430,healthcare,metro,GBP,1123,4170929.72,4930470.47,110,115,building,synthetic,scenario-generator-v1-seed-42,2022-10-01,synthetic,scenario_reference,reference_100
SYN-0431,housing,regional,GBP,21497,33420403.94,31065463.64,111,92,building,synthetic,scenario-generator-v1-seed-42,2023-11-01,synthetic,scenario_reference,reference_100
SYN-0432,office,regional,GBP,9600,25050787.45,29539882.92,143,92,building,synthetic,scenario-generator-v1-seed-42,2024-12-01,synthetic,scenario_reference,reference_100
SYN-0433,school,regional,GBP,23319,45624981.94,40236235.01,120,92,building,synthetic,scenario-generator-v1-seed-42,2025-01-01,synthetic,scenario_reference,reference_100
SYN-0434,warehouse,regional,GBP,2796,2169410.4,2561177.1,91,92,building,synthetic,scenario-generator-v1-seed-42,2026-02-01,synthetic,scenario_reference,reference_100
SYN-0435,healthcare,regional,GBP,18183,61083606.69,63060987.69,136,92,building,synthetic,scenario-generator-v1-seed-42,2020-03-01,synthetic,scenario_reference,reference_100
SYN-0436,housing,remote,GBP,9640,14391481.68,12911890.58,105,108,building,synthetic,scenario-generator-v1-seed-42,2021-04-01,synthetic,scenario_reference,reference_100
SYN-0437,office,remote,GBP,13956,42643682.98,44543923.96,130,108,building,synthetic,scenario-generator-v1-seed-42,2022-05-01,synthetic,scenario_reference,reference_100
SYN-0438,school,remote,GBP,3832,11947420.25,13080346.98,143,108,building,synthetic,scenario-generator-v1-seed-42,2023-06-01,synthetic,scenario_reference,reference_100
SYN-0439,warehouse,remote,GBP,738,1040931.48,1006682.47,130,108,building,synthetic,scenario-generator-v1-seed-42,2024-07-01,synthetic,scenario_reference,reference_100
SYN-0440,healthcare,remote,GBP,4904,14556357.39,16031374.19,108,108,building,synthetic,scenario-generator-v1-seed-42,2025-08-01,synthetic,scenario_reference,reference_100
SYN-0441,housing,reference,GBP,8082,13899808.07,15556299.19,126,100,building,synthetic,scenario-generator-v1-seed-42,2026-09-01,synthetic,scenario_reference,reference_100
SYN-0442,office,reference,GBP,3005,8444936.52,7637301.27,123,100,building,synthetic,scenario-generator-v1-seed-42,2020-10-01,synthetic,scenario_reference,reference_100
SYN-0443,school,reference,GBP,17437,39004940.83,48202279.93,124,100,building,synthetic,scenario-generator-v1-seed-42,2021-11-01,synthetic,scenario_reference,reference_100
SYN-0444,warehouse,reference,GBP,18358,16156763.25,16952461.68,91,100,building,synthetic,scenario-generator-v1-seed-42,2022-12-01,synthetic,scenario_reference,reference_100
SYN-0445,healthcare,reference,GBP,21029,71324905.81,69278886.27,114,100,building,synthetic,scenario-generator-v1-seed-42,2023-01-01,synthetic,scenario_reference,reference_100
SYN-0446,housing,metro,GBP,732,1434191.34,1440112.97,112,115,building,synthetic,scenario-generator-v1-seed-42,2024-02-01,synthetic,scenario_reference,reference_100
SYN-0447,office,metro,GBP,24217,76351755.76,88395519.48,132,115,building,synthetic,scenario-generator-v1-seed-42,2025-03-01,synthetic,scenario_reference,reference_100
SYN-0448,school,metro,GBP,24290,65900513.95,59044280.35,138,115,building,synthetic,scenario-generator-v1-seed-42,2026-04-01,synthetic,scenario_reference,reference_100
SYN-0449,warehouse,metro,GBP,18091,25265134.76,23825832.73,111,115,building,synthetic,scenario-generator-v1-seed-42,2020-05-01,synthetic,scenario_reference,reference_100
SYN-0450,healthcare,metro,GBP,22635,92154799.54,96971843.51,119,115,building,synthetic,scenario-generator-v1-seed-42,2021-06-01,synthetic,scenario_reference,reference_100
SYN-0451,housing,regional,GBP,6172,9980981.43,11356123.33,141,92,building,synthetic,scenario-generator-v1-seed-42,2022-07-01,synthetic,scenario_reference,reference_100
SYN-0452,office,regional,GBP,15197,24131344.8,21616140.99,92,92,building,synthetic,scenario-generator-v1-seed-42,2023-08-01,synthetic,scenario_reference,reference_100
SYN-0453,school,regional,GBP,6736,9694700.18,9613529.54,92,92,building,synthetic,scenario-generator-v1-seed-42,2024-09-01,synthetic,scenario_reference,reference_100
SYN-0454,warehouse,regional,GBP,13249,17531932.57,17026889.41,142,92,building,synthetic,scenario-generator-v1-seed-42,2025-10-01,synthetic,scenario_reference,reference_100
SYN-0455,healthcare,regional,GBP,24883,70745850.8,71347947.75,131,92,building,synthetic,scenario-generator-v1-seed-42,2026-11-01,synthetic,scenario_reference,reference_100
SYN-0456,housing,remote,GBP,1766,4052665.6,3964957.72,145,108,building,synthetic,scenario-generator-v1-seed-42,2020-12-01,synthetic,scenario_reference,reference_100
SYN-0457,office,remote,GBP,12259,34600942.89,39707722.83,117,108,building,synthetic,scenario-generator-v1-seed-42,2021-01-01,synthetic,scenario_reference,reference_100
SYN-0458,school,remote,GBP,12869,31715726.55,33575319.87,111,108,building,synthetic,scenario-generator-v1-seed-42,2022-02-01,synthetic,scenario_reference,reference_100
SYN-0459,warehouse,remote,GBP,16502,22702602.54,24222299.03,113,108,building,synthetic,scenario-generator-v1-seed-42,2023-03-01,synthetic,scenario_reference,reference_100
SYN-0460,healthcare,remote,GBP,2907,10850034.42,11229987.16,136,108,building,synthetic,scenario-generator-v1-seed-42,2024-04-01,synthetic,scenario_reference,reference_100
SYN-0461,housing,reference,GBP,6113,9955592.38,9128633.56,124,100,building,synthetic,scenario-generator-v1-seed-42,2025-05-01,synthetic,scenario_reference,reference_100
SYN-0462,office,reference,GBP,10945,27123317.16,28222616.38,132,100,building,synthetic,scenario-generator-v1-seed-42,2026-06-01,synthetic,scenario_reference,reference_100
SYN-0463,school,reference,GBP,23716,44950978.34,46740342.71,117,100,building,synthetic,scenario-generator-v1-seed-42,2020-07-01,synthetic,scenario_reference,reference_100
SYN-0464,warehouse,reference,GBP,14851,14592604.08,17630472.01,92,100,building,synthetic,scenario-generator-v1-seed-42,2021-08-01,synthetic,scenario_reference,reference_100
SYN-0465,healthcare,reference,GBP,20347,57709366.38,71144673.61,117,100,building,synthetic,scenario-generator-v1-seed-42,2022-09-01,synthetic,scenario_reference,reference_100
SYN-0466,housing,metro,GBP,2079,3307940.37,3394726.45,94,115,building,synthetic,scenario-generator-v1-seed-42,2023-10-01,synthetic,scenario_reference,reference_100
SYN-0467,office,metro,GBP,17012,59305971.24,55604995.25,141,115,building,synthetic,scenario-generator-v1-seed-42,2024-11-01,synthetic,scenario_reference,reference_100
SYN-0468,school,metro,GBP,1220,2761663.25,3104418.78,99,115,building,synthetic,scenario-generator-v1-seed-42,2025-12-01,synthetic,scenario_reference,reference_100
SYN-0469,warehouse,metro,GBP,14558,13675281.63,13196077.02,92,115,building,synthetic,scenario-generator-v1-seed-42,2026-01-01,synthetic,scenario_reference,reference_100
SYN-0470,healthcare,metro,GBP,21340,69119714.81,84451031.59,113,115,building,synthetic,scenario-generator-v1-seed-42,2020-02-01,synthetic,scenario_reference,reference_100
SYN-0471,housing,regional,GBP,1261,1862791.18,1940976.48,128,92,building,synthetic,scenario-generator-v1-seed-42,2021-03-01,synthetic,scenario_reference,reference_100
SYN-0472,office,regional,GBP,12355,25256481.06,22924771.27,113,92,building,synthetic,scenario-generator-v1-seed-42,2022-04-01,synthetic,scenario_reference,reference_100
SYN-0473,school,regional,GBP,4711,9212727.5,9149885.26,123,92,building,synthetic,scenario-generator-v1-seed-42,2023-05-01,synthetic,scenario_reference,reference_100
SYN-0474,warehouse,regional,GBP,9332,10260148.69,9124645.75,105,92,building,synthetic,scenario-generator-v1-seed-42,2024-06-01,synthetic,scenario_reference,reference_100
SYN-0475,healthcare,regional,GBP,6296,18319648.44,22146170.54,121,92,building,synthetic,scenario-generator-v1-seed-42,2025-07-01,synthetic,scenario_reference,reference_100
SYN-0476,housing,remote,GBP,4058,7040335.08,7979893.23,106,108,building,synthetic,scenario-generator-v1-seed-42,2026-08-01,synthetic,scenario_reference,reference_100
SYN-0477,office,remote,GBP,7231,18852369.79,22810093.17,129,108,building,synthetic,scenario-generator-v1-seed-42,2020-09-01,synthetic,scenario_reference,reference_100
SYN-0478,school,remote,GBP,16295,28653137.57,34011774.71,102,108,building,synthetic,scenario-generator-v1-seed-42,2021-10-01,synthetic,scenario_reference,reference_100
SYN-0479,warehouse,remote,GBP,15012,18333611.06,19071356.11,101,108,building,synthetic,scenario-generator-v1-seed-42,2022-11-01,synthetic,scenario_reference,reference_100
SYN-0480,healthcare,remote,GBP,3076,12843446.32,15211619.06,141,108,building,synthetic,scenario-generator-v1-seed-42,2023-12-01,synthetic,scenario_reference,reference_100
SYN-0481,housing,reference,GBP,10672,18819139.09,17000797.52,132,100,building,synthetic,scenario-generator-v1-seed-42,2024-01-01,synthetic,scenario_reference,reference_100
SYN-0482,office,reference,GBP,17965,43360017.34,51446241.64,108,100,building,synthetic,scenario-generator-v1-seed-42,2025-02-01,synthetic,scenario_reference,reference_100
SYN-0483,school,reference,GBP,23524,64491505.4,71557969.15,135,100,building,synthetic,scenario-generator-v1-seed-42,2026-03-01,synthetic,scenario_reference,reference_100
SYN-0484,warehouse,reference,GBP,12045,13479227.43,16642097.37,122,100,building,synthetic,scenario-generator-v1-seed-42,2020-04-01,synthetic,scenario_reference,reference_100
SYN-0485,healthcare,reference,GBP,4750,14097123.8,12538859.45,105,100,building,synthetic,scenario-generator-v1-seed-42,2021-05-01,synthetic,scenario_reference,reference_100
SYN-0486,housing,metro,GBP,18354,35768678.2,41824967.18,126,115,building,synthetic,scenario-generator-v1-seed-42,2022-06-01,synthetic,scenario_reference,reference_100
SYN-0487,office,metro,GBP,18276,42577587.75,38789782.22,98,115,building,synthetic,scenario-generator-v1-seed-42,2023-07-01,synthetic,scenario_reference,reference_100
SYN-0488,school,metro,GBP,10334,28287111.46,32213166.71,115,115,building,synthetic,scenario-generator-v1-seed-42,2024-08-01,synthetic,scenario_reference,reference_100
SYN-0489,warehouse,metro,GBP,17425,25121964.95,29553534.43,116,115,building,synthetic,scenario-generator-v1-seed-42,2025-09-01,synthetic,scenario_reference,reference_100
SYN-0490,healthcare,metro,GBP,2616,8751697.53,9725252.92,98,115,building,synthetic,scenario-generator-v1-seed-42,2026-10-01,synthetic,scenario_reference,reference_100
SYN-0491,housing,regional,GBP,14944,24142584.86,24239766.52,119,92,building,synthetic,scenario-generator-v1-seed-42,2020-11-01,synthetic,scenario_reference,reference_100
SYN-0492,office,regional,GBP,18265,44840487.82,51853602.42,130,92,building,synthetic,scenario-generator-v1-seed-42,2021-12-01,synthetic,scenario_reference,reference_100
SYN-0493,school,regional,GBP,4428,8586709.38,10240133.39,117,92,building,synthetic,scenario-generator-v1-seed-42,2022-01-01,synthetic,scenario_reference,reference_100
SYN-0494,warehouse,regional,GBP,4268,4326922.69,4064177.01,123,92,building,synthetic,scenario-generator-v1-seed-42,2023-02-01,synthetic,scenario_reference,reference_100
SYN-0495,healthcare,regional,GBP,10772,31920092.3,38977430.93,135,92,building,synthetic,scenario-generator-v1-seed-42,2024-03-01,synthetic,scenario_reference,reference_100
SYN-0496,housing,remote,GBP,17203,31007182.16,30083723.51,108,108,building,synthetic,scenario-generator-v1-seed-42,2025-04-01,synthetic,scenario_reference,reference_100
SYN-0497,office,remote,GBP,21009,52886067.82,58439530.68,125,108,building,synthetic,scenario-generator-v1-seed-42,2026-05-01,synthetic,scenario_reference,reference_100
SYN-0498,school,remote,GBP,20333,43035616.65,47802046.76,124,108,building,synthetic,scenario-generator-v1-seed-42,2020-06-01,synthetic,scenario_reference,reference_100
SYN-0499,warehouse,remote,GBP,19592,24084599.53,26905961.87,127,108,building,synthetic,scenario-generator-v1-seed-42,2021-07-01,synthetic,scenario_reference,reference_100
SYN-0500,healthcare,remote,GBP,23813,81420212.92,98731347.15,128,108,building,synthetic,scenario-generator-v1-seed-42,2022-08-01,synthetic,scenario_reference,reference_100
